,series_max,series_min
X1,0.12646850984024802,-0.10913868844800599
X2,0.12646850984024802,-0.10913868844800599
X3,0.12646850984024802,-0.10913868844800599
X4,0.12646850984024802,-0.10913868844800599
X5,0.12646850984024802,-0.10913868844800599
Y,0.12646850984024802,-0.10913868844800599
