,series_max,series_min
X1,2.44089539432245,-2.1531105047787498
X2,2.44089539432245,-2.1531105047787498
X3,2.44089539432245,-2.1531105047787498
X4,2.44089539432245,-2.1531105047787498
Y,2.44089539432245,-2.1531105047787498
