,series_max,series_min
X1,4.872388793943401,2.00763292497922
X2,4.872388793943401,1.9954393841848799
X3,4.872388793943401,1.9832199482077801
Y,4.872388793943401,1.9709746170479099
