,series_max,series_min
X1,7.05890741634842,-7.416106744766981
X2,7.05890741634842,-7.416106744766981
X3,7.05890741634842,-7.416106744766981
X4,7.05890741634842,-7.416106744766981
Y,7.05890741634842,-7.416106744766981
