,series_max,series_min
X1,26.5895440873542,-3.26117555242712
X2,26.5895440873542,-3.26117555242712
X3,26.5895440873542,-3.26117555242712
X4,26.5895440873542,-3.26117555242712
X5,26.5895440873542,-3.26117555242712
X6,26.5895440873542,-3.26117555242712
X7,26.5895440873542,-3.26117555242712
X8,26.5895440873542,-3.26117555242712
Y,43.790112,0.07156512
