,series_max,series_min
X1,26.5895440873542,-3.26117555242712
X2,26.5895440873542,-3.26117555242712
X3,26.5895440873542,-3.26117555242712
X4,26.5895440873542,-3.26117555242712
X5,26.5895440873542,-3.26117555242712
X6,26.5895440873542,-3.26117555242712
X7,26.5895440873542,-3.26117555242712
X8,26.5895440873542,-3.26117555242712
X9,26.5895440873542,-3.26117555242712
X10,26.5895440873542,-3.26117555242712
X11,26.5895440873542,-3.26117555242712
X12,26.5895440873542,-3.26117555242712
X13,26.5895440873542,-3.26117555242712
X14,26.5895440873542,-3.26117555242712
X15,26.5895440873542,-3.26117555242712
X16,26.5895440873542,-3.26117555242712
X17,26.5895440873542,-3.26117555242712
X18,26.5895440873542,-3.26117555242712
X19,26.5895440873542,-3.26117555242712
X20,26.5895440873542,-3.26117555242712
Y,26.5895440873542,-3.26117555242712
