,series_max,series_min
X1,1.1827154980619599,-1.31053586882982
X2,1.1827154980619599,-1.31053586882982
X3,1.1827154980619599,-1.31053586882982
X4,1.1827154980619599,-1.31053586882982
X5,1.1827154980619599,-1.31053586882982
Y,1.1827154980619599,-1.31053586882982
