,series_max,series_min
X1,1.3459251653405901,0.870254292866342
X2,1.3459251653405901,0.8672878063223299
X3,1.3459251653405901,0.8643122041948541
X4,1.3459251653405901,0.86132748746884
X5,1.3459251653405901,0.858333657129215
Y,1.3459251653405901,0.855330714160905
