,series_max,series_min
X1,0.4407521779498211,-0.45175328838838896
X2,0.4407521779498211,-0.45175328838838896
X3,0.4407521779498211,-0.45175328838838896
X4,0.4407521779498211,-0.45175328838838896
X5,0.4407521779498211,-0.45175328838838896
Y,0.4407521779498211,-0.45175328838838896
