,series_max,series_min
X1,2.42757430149087,-2.08394885271379
X2,2.42757430149087,-2.08394885271379
X3,2.42757430149087,-2.08394885271379
X4,2.42757430149087,-2.08394885271379
Y,2.42757430149087,-2.08394885271379
