,series_max,series_min
X1,0.34978928365055395,-0.433084092400327
X2,0.34978928365055395,-0.42717397544125296
X3,0.34978928365055395,-0.421213882276372
X4,0.34978928365055395,-0.415204913696201
X5,0.34978928365055395,-0.40914817049125607
Y,0.34978928365055395,-0.40304475345205004
