,series_max,series_min
X1,11.57715461,-13.45213683
X2,11.57715461,-13.45213683
X3,11.57715461,-13.45213683
X4,11.57715461,-13.45213683
X5,11.57715461,-13.45213683
X6,11.57715461,-13.45213683
Y,11.57715461,-13.45213683
