,series_max,series_min
X1,11.91557243,-12.05916716
X2,11.91557243,-12.05916716
X3,11.91557243,-12.05916716
Y,11.91557243,-12.05916716
