,series_max,series_min
X1,4.9755282013943205,-4.958972829088941
X2,4.9755282013943205,-4.958972829088941
X3,4.9755282013943205,-4.958972829088941
Y,4.9755282013943205,-4.958972829088941
