,series_max,series_min
X1,1.65859994586532,-1.3850995661446002
X2,1.65859994586532,-1.3850995661446002
X3,1.65859994586532,-1.3850995661446002
X4,1.65859994586532,-1.3850995661446002
X5,1.65859994586532,-1.3850995661446002
X6,1.65859994586532,-1.3850995661446002
Y,1.65859994586532,-1.3850995661446002
