,series_max,series_min
X1,0.48974466775574,-0.495075026348959
X2,0.48974466775574,-0.495075026348959
X3,0.48974466775574,-0.495075026348959
X4,0.48974466775574,-0.495075026348959
X5,0.48974466775574,-0.495075026348959
X6,0.48974466775574,-0.495075026348959
Y,0.48974466775574,-0.495075026348959
