,series_max,series_min
X1,2.45869531409415,-2.0686319311827703
X2,2.45869531409415,-2.0686319311827703
X3,2.45869531409415,-2.0686319311827703
X4,2.45869531409415,-2.0686319311827703
X5,2.45869531409415,-2.0686319311827703
X6,2.45869531409415,-2.0686319311827703
Y,2.45869531409415,-2.0686319311827703
