,series_max,series_min
X1,2.60882887446631,-2.50876899865556
X2,2.60882887446631,-2.50876899865556
Y,2.60882887446631,-2.50876899865556
