,series_max,series_min
X1,0.45789612381524,-0.42421404035589294
X2,0.45789612381524,-0.42421404035589294
X3,0.45789612381524,-0.42421404035589294
X4,0.45789612381524,-0.42421404035589294
X5,0.45789612381524,-0.42421404035589294
X6,0.45789612381524,-0.42421404035589294
Y,0.45789612381524,-0.42421404035589294
