,series_max,series_min
X1,0.34802892271846897,-0.37135041270393393
X2,0.34802892271846897,-0.369437026154688
X3,0.34802892271846897,-0.36741029748347903
X4,0.34802892271846897,-0.365271565537444
X5,0.34802892271846897,-0.36302216916371993
Y,0.34802892271846897,-0.36066344720944604
