,series_max,series_min
X1,3.0459587610303567,0.2846696779857926
X2,3.0459587610303567,0.2846696779857926
X3,3.0459587610303567,0.2846696779857926
X4,1.7626720231554536,-1.01614322069438
X5,1.7626720231554536,-1.01614322069438
X6,1.7626720231554536,-1.01614322069438
X7,1.7626720231554536,-1.01614322069438
X8,1.7626720231554536,-1.01614322069438
X9,1.7626720231554536,-1.01614322069438
X10,1.7626720231554536,-1.01614322069438
X11,1.7626720231554536,-1.01614322069438
X12,1.7626720231554536,-1.01614322069438
X13,1.7626720231554536,-1.01614322069438
X14,1.7626720231554536,-1.01614322069438
X15,1.7626720231554536,-1.01614322069438
X16,1.7626720231554536,-1.01614322069438
X17,1.7626720231554536,-1.01614322069438
X18,1.7626720231554536,-1.01614322069438
X19,1.4488069379882118,-1.0954497575126936
X20,1.4488069379882118,-1.0954497575126936
X21,1.4488069379882118,-1.0954497575126936
X22,1.4488069379882118,-1.0954497575126936
X23,1.4488069379882118,-1.0954497575126936
X24,1.4488069379882118,-1.0954497575126936
X25,1.4488069379882118,-1.0954497575126936
X26,1.4488069379882118,-1.0954497575126936
X27,1.4488069379882118,-1.0954497575126936
X28,1.4488069379882118,-1.0954497575126936
X29,1.4488069379882118,-1.0954497575126936
X30,1.4488069379882118,-1.0954497575126936
X31,1.4488069379882118,-1.0954497575126936
X32,1.4488069379882118,-1.0954497575126936
X33,1.4488069379882118,-1.0954497575126936
X34,1.4488069379882118,-1.0954497575126936
X35,1.4488069379882118,-1.0954497575126936
X36,0.9303657398337496,-0.7686622527363705
X37,0.9303657398337496,-0.7686622527363705
X38,0.9303657398337496,-0.7686622527363705
X39,0.7007998209035305,-0.7381576647973862
X40,0.7007998209035305,-0.7381576647973862
X41,0.5399178741252767,-0.4807451329212349
Y,8.814528,0.0366336
