,series_max,series_min
X1,1.9900199480255771,-1.997393901391396
X2,1.9900199480255771,-1.997393901391396
X3,1.9900199480255771,-1.997393901391396
X4,1.9900199480255771,-1.997393901391396
X5,1.9900199480255771,-1.997393901391396
X6,1.9900199480255771,-1.997393901391396
Y,1.9900199480255771,-1.997393901391396
