,series_max,series_min
X1,6.557383023325957,-5.262228088173685
X2,6.557383023325957,-5.262228088173685
X3,6.557383023325957,-5.262228088173685
X4,6.557383023325957,-5.262228088173685
Y,6.557383023325957,-5.262228088173685
