,series_max,series_min
X1,8.9492775608724,-8.90354680582849
X2,8.9492775608724,-8.90354680582849
X3,8.9492775608724,-8.90354680582849
X4,8.9492775608724,-8.90354680582849
Y,43.790112,0.07156512
