,series_max,series_min
X1,0.7007998209035305,-0.7381576647973862
X2,0.7007998209035305,-0.7381576647973862
X3,0.7007998209035305,-0.7381576647973862
X4,0.7007998209035305,-0.7381576647973862
X5,0.7007998209035305,-0.7381576647973862
Y,0.7007998209035305,-0.7381576647973862
