,series_max,series_min
X1,3.0459587610303567,0.2846696779857926
X2,3.0459587610303567,0.2846696779857926
X3,3.0459587610303567,0.2846696779857926
Y,3.0459587610303567,0.2846696779857926
