,series_max,series_min
X1,0.578366544388588,-0.4736401792842233
X2,0.578366544388588,-0.4736401792842233
X3,0.578366544388588,-0.4736401792842233
X4,0.578366544388588,-0.4736401792842233
Y,0.578366544388588,-0.4736401792842233
