,series_max,series_min
X1,0.7711870234738564,-0.7973074598325317
X2,0.7711870234738564,-0.7973074598325317
X3,0.7711870234738564,-0.7973074598325317
X4,0.7711870234738564,-0.7973074598325317
Y,0.7711870234738564,-0.7973074598325317
