,series_max,series_min
X1,0.5082150382089197,-0.6040619349832523
X2,0.5082150382089197,-0.6040619349832523
X3,0.5082150382089197,-0.6040619349832523
X4,0.5082150382089197,-0.6040619349832523
Y,0.5082150382089197,-0.6040619349832523
