,series_max,series_min
X1,0.4755151042505396,-0.4551187924619236
X2,0.4755151042505396,-0.4551187924619236
X3,0.4755151042505396,-0.4551187924619236
X4,0.4755151042505396,-0.4551187924619236
X5,0.4755151042505396,-0.4551187924619236
Y,0.4755151042505396,-0.4551187924619236
