,series_max,series_min
X1,0.9303657398337496,-0.7686622527363705
X2,0.9303657398337496,-0.7686622527363705
X3,0.9303657398337496,-0.7686622527363705
X4,0.9303657398337496,-0.7686622527363705
Y,0.9303657398337496,-0.7686622527363705
