,series_max,series_min
Y,25.251264000000003,0.05609088
