,series_max,series_min
X1,8.7689288092287,0.5176815809703464
X2,3.60941485017995,-2.9207979463384866
X3,3.60941485017995,-2.9207979463384866
X4,3.60941485017995,-2.9207979463384866
X5,3.60941485017995,-2.9207979463384866
X6,3.456255651350764,-3.339691590356912
X7,3.456255651350764,-3.339691590356912
X8,3.456255651350764,-3.339691590356912
X9,3.456255651350764,-3.339691590356912
X10,3.456255651350764,-3.339691590356912
Y,25.251264000000003,0.05609088
