,series_max,series_min
X1,2.4215457732778303,0.538462415820395
X2,2.4215457732778303,0.538462415820395
X3,2.4215457732778303,0.538462415820395
X4,2.2241435152638,-1.7906522034670902
X5,2.2241435152638,-1.7906522034670902
X6,2.2241435152638,-1.7906522034670902
X7,2.2241435152638,-1.7906522034670902
X8,1.14496129848521,-1.06477700115775
X9,1.14496129848521,-1.06477700115775
X10,1.14496129848521,-1.06477700115775
X11,1.14496129848521,-1.06477700115775
X12,0.743389499174965,-0.79753213680182
X13,0.743389499174965,-0.79753213680182
X14,0.743389499174965,-0.79753213680182
X15,0.743389499174965,-0.79753213680182
X16,0.703319796312054,-0.679193392982348
X17,0.703319796312054,-0.679193392982348
X18,0.703319796312054,-0.679193392982348
X19,0.703319796312054,-0.679193392982348
X20,0.7458662522131521,-0.7879346536846641
X21,0.7458662522131521,-0.7879346536846641
X22,0.7458662522131521,-0.7879346536846641
X23,0.7458662522131521,-0.7879346536846641
X24,0.863451001023407,-0.9218461173002769
X25,0.863451001023407,-0.9218461173002769
X26,0.863451001023407,-0.9218461173002769
Y,8.814528,0.0366336
