,series_max,series_min
X1,9.3087430173891,-7.9336173609804295
X2,9.3087430173891,-7.9336173609804295
X3,9.3087430173891,-7.9336173609804295
X4,9.3087430173891,-7.9336173609804295
X5,9.3087430173891,-7.9336173609804295
X6,9.3087430173891,-7.9336173609804295
X7,9.3087430173891,-7.9336173609804295
X8,9.3087430173891,-7.9336173609804295
X9,9.3087430173891,-7.9336173609804295
Y,9.3087430173891,-7.9336173609804295
