,series_max,series_min
X1,7.425309964739441,0.7440307109253129
X2,7.425309964739441,0.7440307109253129
X3,7.425309964739441,0.7440307109253129
Y,7.425309964739441,0.7440307109253129
