,series_max,series_min
X1,2.23169823781683,-2.34411664456344
X2,2.23169823781683,-2.34411664456344
X3,2.23169823781683,-2.34411664456344
Y,2.23169823781683,-2.34411664456344
