,series_max,series_min
X1,0.897806847250437,-1.1849975446602299
X2,0.897806847250437,-1.0946819078252
X3,0.897806847250437,-1.0946819078252
X4,0.897806847250437,-1.0946819078252
X5,0.897806847250437,-1.0946819078252
X6,0.897806847250437,-1.0946819078252
Y,0.897806847250437,-1.0946819078252
