,series_max,series_min
X1,1.0547978038283898,-1.24091335830017
X2,1.0547978038283898,-1.21293591050504
X3,1.0547978038283898,-1.1850331969778702
X4,1.0547978038283898,-1.15720718718177
X5,1.0547978038283898,-1.13650160010667
Y,1.0547978038283898,-1.13650160010667
