,series_max,series_min
X1,7.17196061009894,-7.13128789934008
X2,7.17196061009894,-7.13128789934008
X3,7.17196061009894,-7.13128789934008
X4,7.17196061009894,-7.13128789934008
X5,7.17196061009894,-7.13128789934008
X6,7.17196061009894,-7.13128789934008
Y,7.17196061009894,-7.13128789934008
