,series_max,series_min
X1,4.838016267831219,1.8933076474934
X2,4.838016267831219,1.8803965688720101
X3,4.838016267831219,1.8674572478274798
X4,4.838016267831219,1.85448968435979
X5,4.838016267831219,1.84149387846897
X6,4.838016267831219,1.82846983015499
X7,4.838016267831219,1.81541753941787
Y,4.838016267831219,1.8023370062576003
