,series_max,series_min
X1,7.971628252571031,-7.635406155971039
X2,7.971628252571031,-7.635406155971039
X3,7.971628252571031,-7.635406155971039
Y,7.971628252571031,-7.635406155971039
