,series_max,series_min
X1,1.6513189160919601,-1.41231063909853
X2,1.6513189160919601,-1.41231063909853
X3,1.6513189160919601,-1.41231063909853
X4,1.6513189160919601,-1.41231063909853
X5,1.6513189160919601,-1.41231063909853
X6,1.6513189160919601,-1.41231063909853
Y,1.6513189160919601,-1.41231063909853
