,series_max,series_min
X1,0.174551831177065,-0.10915098417640302
X2,0.174551831177065,-0.10915098417640302
X3,0.174551831177065,-0.10915098417640302
X4,0.174551831177065,-0.10915098417640302
X5,0.174551831177065,-0.10915098417640302
Y,0.174551831177065,-0.10915098417640302
