,series_max,series_min
X1,2.2241435152638,-1.7906522034670902
X2,2.2241435152638,-1.7906522034670902
X3,2.2241435152638,-1.7906522034670902
Y,8.814528,0.0366336
