,series_max,series_min
X1,2.68060090413259,-3.04195322020967
X2,2.68060090413259,-3.04195322020967
X3,2.68060090413259,-3.04195322020967
X4,2.68060090413259,-3.04195322020967
X5,2.68060090413259,-3.04195322020967
Y,2.68060090413259,-3.04195322020967
