,series_max,series_min
X1,14.861069496616464,1.5942305096833431
X2,14.861069496616464,1.5942305096833431
X3,14.861069496616464,1.5942305096833431
Y,14.861069496616464,1.5942305096833431
