,series_max,series_min
X1,2.8432376635388112,-2.3839453565854263
X2,2.8432376635388112,-2.3839453565854263
X3,2.8432376635388112,-2.3839453565854263
Y,2.8432376635388112,-2.3839453565854263
