,series_max,series_min
X1,7.17196061009894,-7.13128789934008
X2,7.17196061009894,-7.13128789934008
X3,4.99451802542396,-4.89540678776107
X4,4.99451802542396,-4.89540678776107
X5,4.99451802542396,-4.89540678776107
X6,4.99451802542396,-4.89540678776107
X7,4.99451802542396,-4.89540678776107
Y,25.251264000000003,0.05609088
