,series_max,series_min
X1,25.251264,0.05609088
X2,25.251264,0.05609088
X3,25.251264,0.05609088
Y,25.251264,0.05609088
