,series_max,series_min
X1,8.7689288092287,0.5176815809703464
X2,8.7689288092287,0.5176815809703464
Y,8.7689288092287,0.5176815809703464
