,series_max,series_min
X1,3.60941485017995,-2.9207979463384866
X2,3.60941485017995,-2.9207979463384866
X3,3.60941485017995,-2.9207979463384866
X4,3.60941485017995,-2.9207979463384866
Y,3.60941485017995,-2.9207979463384866
