,series_max,series_min
X1,1.3923724786587677,-1.2868427245163654
X2,1.3923724786587677,-1.2868427245163654
X3,1.3923724786587677,-1.2868427245163654
X4,1.3923724786587677,-1.2868427245163654
X5,1.3923724786587677,-1.2868427245163654
X6,1.3923724786587677,-1.2868427245163654
Y,1.3923724786587677,-1.2868427245163654
