,series_max,series_min
X1,1.6776002167631583,-1.5464664277515845
X2,1.6776002167631583,-1.5464664277515845
X3,1.6776002167631583,-1.5464664277515845
X4,1.6776002167631583,-1.5464664277515845
X5,1.6776002167631583,-1.5464664277515845
Y,1.6776002167631583,-1.5464664277515845
