,series_max,series_min
X1,1.8350096383578192,-1.585977750944182
X2,1.8350096383578192,-1.585977750944182
Y,1.8350096383578192,-1.585977750944182
