,series_max,series_min
X1,1.3035348415760966,-1.2383757207932595
X2,1.3035348415760966,-1.2383757207932595
X3,1.3035348415760966,-1.2383757207932595
X4,1.3035348415760966,-1.2383757207932595
X5,1.3035348415760966,-1.2383757207932595
X6,1.3035348415760966,-1.2383757207932595
Y,1.3035348415760966,-1.2383757207932595
