,series_max,series_min
X1,3.456255651350764,-3.339691590356912
X2,3.456255651350764,-3.339691590356912
X3,3.456255651350764,-3.339691590356912
Y,3.456255651350764,-3.339691590356912
