,series_max,series_min
X1,26.5895440873542,-3.26117555242712
X2,26.5895440873542,-3.26117555242712
Y,43.790112,0.07156512
