,series_max,series_min
X1,0.863451001023407,-0.9218461173002769
X2,0.863451001023407,-0.9218461173002769
X3,0.863451001023407,-0.9218461173002769
Y,0.863451001023407,-0.9218461173002769
