,series_max,series_min
X1,2.2241435152638,-1.7906522034670902
X2,2.2241435152638,-1.7906522034670902
X3,2.2241435152638,-1.7906522034670902
X4,2.2241435152638,-1.7906522034670902
Y,2.2241435152638,-1.7906522034670902
