,series_max,series_min
X1,2.4215457732778303,0.538462415820395
X2,2.4215457732778303,0.538462415820395
X3,2.4215457732778303,0.538462415820395
Y,2.4215457732778303,0.538462415820395
