,series_max,series_min
X1,6.557383023325957,-5.262228088173685
X2,5.530063577117222,-6.024301204960607
X3,5.530063577117222,-6.024301204960607
Y,43.790112,0.07156512
