,series_max,series_min
X1,12.235144472721,2.0995749944095503
X2,12.235144472721,2.0995749944095503
X3,12.235144472721,2.0995749944095503
Y,12.235144472721,2.0995749944095503
