,series_max,series_min
X1,3.4280386809769703,-3.58807111667607
X2,3.4280386809769703,-3.58807111667607
X3,3.4280386809769703,-3.58807111667607
Y,3.4280386809769703,-3.58807111667607
