,series_max,series_min
X1,5.530063577117222,-6.024301204960607
X2,5.530063577117222,-6.024301204960607
X3,5.530063577117222,-6.024301204960607
Y,5.530063577117222,-6.024301204960607
