,series_max,series_min
X1,2.4281449206569468,-2.1830747397618766
X2,2.4281449206569468,-2.1830747397618766
X3,2.4281449206569468,-2.1830747397618766
X4,2.4281449206569468,-2.1830747397618766
X5,2.4281449206569468,-2.1830747397618766
Y,2.4281449206569468,-2.1830747397618766
