,series_max,series_min
X1,3.855512513650436,-2.9522858001960843
X2,2.2413953675290132,-2.1958406447031087
X3,2.3594461025492763,-0.7864284881160347
X4,1.7327975811489418,-1.6770428120023702
X5,1.5049868873160992,-1.4320290260920343
X6,1.5553799249979272,-1.5192884306641625
X7,1.423377374333109,-1.2911274575855411
X8,1.4973746892606639,-1.3577968444905122
X9,1.284218778416055,-1.2608496319732183
X10,1.1615544981661907,-1.0704028260515532
Y,8.814528,0.0366336
