,series_max,series_min
X1,3.855512513650439,-2.952285800196087
X2,2.2413953675290137,-2.1958406447031047
X3,2.3594461025492786,-0.7864284881160335
X4,1.7327975811489444,-1.6770428120023704
X5,1.5049868873160994,-1.4320290260920356
X6,1.5553799249979312,-1.5192884306641639
X7,1.423377374333109,-1.291127457585539
X8,1.497374689260665,-1.3577968444905142
X9,1.2842187784160615,-1.2608496319732245
X10,1.1615544981661874,-1.070402826051554
Y,8.814528,0.0366336
