,series_max,series_min
X1,8.342583918999999,-8.666903592999999
Y,43.790112,0.07156512
