,series_max,series_min
X1,43.790112,0.07156512
Y,43.790112,0.07156512
