,series_max,series_min
X1,11.812444282383401,-12.9427776717041
X2,11.812444282383401,-12.9427776717041
X3,11.812444282383401,-12.9427776717041
X4,11.812444282383401,-12.9427776717041
Y,11.812444282383401,-12.9427776717041
