,series_max,series_min
X1,0.19953373834158397,-0.14980369298418802
X2,0.19953373834158397,-0.14980369298418802
X3,0.19953373834158397,-0.14980369298418802
X4,0.19953373834158397,-0.14980369298418802
X5,0.19953373834158397,-0.14980369298418802
Y,0.19953373834158397,-0.14980369298418802
