,series_max,series_min
X1,7.493456161286519,4.04428080099526
X2,7.493456161286519,4.02674810495853
X3,7.493456161286519,4.00917096110482
X4,7.493456161286519,3.9915493694341295
X5,7.493456161286519,3.97388332994646
X6,7.493456161286519,3.95617284264181
Y,7.493456161286519,3.93841790752019
