,series_max,series_min
X1,4.757739962495791,-4.17787559019781
X2,4.757739962495791,-4.17787559019781
X3,4.757739962495791,-4.17787559019781
X4,4.757739962495791,-4.17787559019781
Y,4.757739962495791,-4.17787559019781
