,series_max,series_min
X1,2.45869531409415,-2.0686319311827703
X2,2.45869531409415,-2.0686319311827703
X3,1.65859994586532,-1.3850995661446002
X4,1.65859994586532,-1.3850995661446002
X5,1.65859994586532,-1.3850995661446002
X6,1.65859994586532,-1.3850995661446002
Y,8.814528,0.0366336
