,series_max,series_min
X1,8.814528,0.0366336
X2,8.814528,0.0366336
X3,8.814528,0.0366336
X4,8.814528,0.0366336
X5,8.814528,0.0366336
X6,8.814528,0.0366336
X7,8.814528,0.0366336
X8,8.814528,0.0366336
X9,8.814528,0.0366336
X10,8.814528,0.0366336
X11,8.814528,0.0366336
X12,8.814528,0.0366336
Y,8.814528,0.0366336
