,series_max,series_min
X1,1.7626720231554536,-1.01614322069438
X2,1.7626720231554536,-1.01614322069438
X3,1.7626720231554536,-1.01614322069438
X4,1.7626720231554536,-1.01614322069438
Y,1.7626720231554536,-1.01614322069438
