,series_max,series_min
X1,1.4488069379882118,-1.0954497575126936
X2,1.4488069379882118,-1.0954497575126936
X3,1.4488069379882118,-1.0954497575126936
Y,1.4488069379882118,-1.0954497575126936
