,series_max,series_min
X1,0.5399178741252767,-0.4807451329212349
X2,0.5399178741252767,-0.4807451329212349
X3,0.5399178741252767,-0.4807451329212349
X4,0.5399178741252767,-0.4807451329212349
X5,0.5399178741252767,-0.4807451329212349
Y,0.5399178741252767,-0.4807451329212349
