,series_max,series_min
X1,0.5533273701500661,-0.6561056614497958
X2,0.5533273701500661,-0.6561056614497958
X3,0.5533273701500661,-0.6561056614497958
X4,0.5533273701500661,-0.6561056614497958
Y,0.5533273701500661,-0.6561056614497958
