,series_max,series_min
X1,4.99451802542396,-4.89540678776107
Y,25.251264000000003,0.05609088
