,series_max,series_min
X1,11.57715461,-13.45213683
X2,11.57715461,-13.45213683
X3,11.57715461,-13.45213683
X4,11.57715461,-13.45213683
X5,8.342583918999999,-8.666903592999999
X6,8.342583918999999,-8.666903592999999
X7,8.342583918999999,-8.666903592999999
X8,8.342583918999999,-8.666903592999999
Y,43.790112,0.07156512
