,series_max,series_min
X1,14.0931411172563,-2.34662791612198
X2,14.0931411172563,-2.34662791612198
Y,25.251264000000003,0.05609088
