,series_max,series_min
X1,5.194543938360087,-3.688175943528996
X2,3.0859447990163615,-3.018579316511786
X3,3.848556289604692,-1.6840996981445715
X4,4.0101650216644815,-2.728192624059251
X5,2.096812903744454,-2.4698101397863796
X6,2.222911988831394,-1.8049610145757125
X7,1.8810722154623853,-1.4910656960102728
X8,1.1883085211187523,-1.2541728568485435
X9,0.9320091119959729,-0.9995424460420006
X10,1.0307286506719193,-0.9281545636967354
X11,1.2118120120970628,-0.895219932621331
X12,0.8205221656846564,-0.7800234521993858
X13,0.424857862328113,-0.2933215752447465
X14,0.27216474039828426,-0.28015638119247765
X15,0.2008319778141214,-0.1577153662060773
X16,0.33854010073747515,-0.30341542120338866
X17,0.11960640744236874,-0.1338889196636379
X18,0.09943554105993532,-0.07240843349232265
X19,0.06922560140444815,-0.07163156484888657
X20,0.13690876743355984,-0.10512985893714587
X21,0.02741571423759986,-0.030413707225943967
X22,0.018410502099395498,-0.02932280654958885
X23,0.023166122615662085,-0.015943696658716713
X24,0.021617316159344292,-0.020072508631809878
X25,0.008792449643916163,-0.011412470301053981
X26,0.006079241677834439,-0.009831956652043006
X27,0.005940387128127578,-0.00453431846038186
X28,0.007745297445222584,-0.0060068944423944315
X29,0.0019226251315530274,-0.0018134650450206682
X30,0.0014908860687883555,-0.0013528691607702548
X31,0.0003906071535513742,-0.00021826719885703578
X32,0.0005135782496072224,-0.0004259521809420712
X33,0.0002330066382376776,-0.00011375106949403607
X34,0.00011221075238508658,-0.00012878053070287102
X35,0.00014107971568297792,-0.00013271785382719717
X36,1.920721199796152e-05,-2.245909302314854e-05
X37,2.9684136072736204e-05,-2.41016622350277e-05
X38,1.1585757066278232e-05,-8.442045680705119e-06
X39,2.8841436130386393e-06,-2.2553677652187224e-06
X40,1.1552810058928549e-06,-9.666613292547867e-07
Y,8.814528,0.0366336
