,series_max,series_min
X1,8.814528,0.0366336
X2,8.814528,0.0366336
X3,8.814528,0.0366336
Y,8.814528,0.0366336
